src,teamSrc,team,name
https://cdn.nba.com/headshots/nba/latest/260x190/1630173.png,https://cdn.nba.com/logos/nba/1610612761/primary/L/logo.svg,Toronto Raptors,Precious Achiuwa
https://cdn.nba.com/headshots/nba/latest/260x190/203500.png,https://cdn.nba.com/logos/nba/1610612763/primary/L/logo.svg,Memphis Grizzlies,Steven Adams
https://cdn.nba.com/headshots/nba/latest/260x190/1628389.png,https://cdn.nba.com/logos/nba/1610612748/primary/L/logo.svg,Miami Heat,Bam Adebayo
https://cdn.nba.com/headshots/nba/latest/260x190/1630583.png,https://cdn.nba.com/logos/nba/1610612763/primary/L/logo.svg,Memphis Grizzlies,Santi Aldama
https://cdn.nba.com/headshots/nba/latest/260x190/200746.png,https://cdn.nba.com/logos/nba/1610612751/primary/L/logo.svg,Brooklyn Nets,LaMarcus Aldridge
https://cdn.nba.com/headshots/nba/latest/260x190/1629638.png,https://cdn.nba.com/logos/nba/1610612740/primary/L/logo.svg,New Orleans Pelicans,Nickeil Alexander-Walker
https://cdn.nba.com/headshots/nba/latest/260x190/1628960.png,https://cdn.nba.com/logos/nba/1610612749/primary/L/logo.svg,Milwaukee Bucks,Grayson Allen
https://cdn.nba.com/headshots/nba/latest/260x190/1628386.png,https://cdn.nba.com/logos/nba/1610612739/primary/L/logo.svg,Cleveland Cavaliers,Jarrett Allen
https://cdn.nba.com/headshots/nba/latest/260x190/1630631.png,https://cdn.nba.com/logos/nba/1610612740/primary/L/logo.svg,New Orleans Pelicans,Jose Alvarado
https://cdn.nba.com/headshots/nba/latest/260x190/203937.png,https://cdn.nba.com/logos/nba/1610612763/primary/L/logo.svg,Memphis Grizzlies,Kyle Anderson
https://cdn.nba.com/headshots/nba/latest/260x190/203507.png,https://cdn.nba.com/logos/nba/1610612749/primary/L/logo.svg,Milwaukee Bucks,Giannis Antetokounmpo
https://cdn.nba.com/headshots/nba/latest/260x190/203648.png,https://cdn.nba.com/logos/nba/1610612749/primary/L/logo.svg,Milwaukee Bucks,Thanasis Antetokounmpo
https://cdn.nba.com/headshots/nba/latest/260x190/2546.png,https://cdn.nba.com/logos/nba/1610612747/primary/L/logo.svg,Los Angeles Lakers,Carmelo Anthony
https://cdn.nba.com/headshots/nba/latest/260x190/1630175.png,https://cdn.nba.com/logos/nba/1610612753/primary/L/logo.svg,Orlando Magic,Cole Anthony
https://cdn.nba.com/headshots/nba/latest/260x190/1628384.png,https://cdn.nba.com/logos/nba/1610612761/primary/L/logo.svg,Toronto Raptors,OG Anunoby
https://cdn.nba.com/headshots/nba/latest/260x190/2772.png,https://cdn.nba.com/logos/nba/1610612747/primary/L/logo.svg,Los Angeles Lakers,Trevor Ariza
https://cdn.nba.com/headshots/nba/latest/260x190/201571.png,https://cdn.nba.com/logos/nba/1610612745/primary/L/logo.svg,Houston Rockets,D.J. Augustin
https://cdn.nba.com/headshots/nba/latest/260x190/1630166.png,https://cdn.nba.com/logos/nba/1610612764/primary/L/logo.svg,Washington Wizards,Deni Avdija
https://cdn.nba.com/headshots/nba/latest/260x190/1630555.png,https://cdn.nba.com/logos/nba/1610612764/primary/L/logo.svg,Washington Wizards,Joel Ayayi
https://cdn.nba.com/headshots/nba/latest/260x190/1629028.png,https://cdn.nba.com/logos/nba/1610612756/primary/L/logo.svg,Phoenix Suns,Deandre Ayton
https://cdn.nba.com/headshots/nba/latest/260x190/1628962.png,https://cdn.nba.com/logos/nba/1610612762/primary/L/logo.svg,Utah Jazz,Udoka Azubuike
https://cdn.nba.com/headshots/nba/latest/260x190/1628963.png,https://cdn.nba.com/logos/nba/1610612758/primary/L/logo.svg,Sacramento Kings,Marvin Bagley
https://cdn.nba.com/headshots/nba/latest/260x190/1630163.png,https://cdn.nba.com/logos/nba/1610612766/primary/L/logo.svg,Charlotte Hornets,LaMelo Ball
https://cdn.nba.com/headshots/nba/latest/260x190/1628366.png,https://cdn.nba.com/logos/nba/1610612741/primary/L/logo.svg,Chicago Bulls,Lonzo Ball
https://cdn.nba.com/headshots/nba/latest/260x190/1628964.png,https://cdn.nba.com/logos/nba/1610612753/primary/L/logo.svg,Orlando Magic,Mo Bamba
https://cdn.nba.com/headshots/nba/latest/260x190/1630217.png,https://cdn.nba.com/logos/nba/1610612763/primary/L/logo.svg,Memphis Grizzlies,Desmond Bane
https://cdn.nba.com/headshots/nba/latest/260x190/1630625.png,https://cdn.nba.com/logos/nba/1610612761/primary/L/logo.svg,Toronto Raptors,Dalano Banton
https://cdn.nba.com/headshots/nba/latest/260x190/203084.png,https://cdn.nba.com/logos/nba/1610612758/primary/L/logo.svg,Sacramento Kings,Harrison Barnes
https://cdn.nba.com/headshots/nba/latest/260x190/1630567.png,https://cdn.nba.com/logos/nba/1610612761/primary/L/logo.svg,Toronto Raptors,Scottie Barnes
https://cdn.nba.com/headshots/nba/latest/260x190/1629628.png,https://cdn.nba.com/logos/nba/1610612752/primary/L/logo.svg,New York Knicks,RJ Barrett
https://cdn.nba.com/headshots/nba/latest/260x190/203115.png,https://cdn.nba.com/logos/nba/1610612743/primary/L/logo.svg,Denver Nuggets,Will Barton
https://cdn.nba.com/headshots/nba/latest/260x190/1629646.png,https://cdn.nba.com/logos/nba/1610612755/primary/L/logo.svg,Philadelphia 76ers,Charles Bassey
https://cdn.nba.com/headshots/nba/latest/260x190/1628966.png,https://cdn.nba.com/logos/nba/1610612759/primary/L/logo.svg,San Antonio Spurs,Keita Bates-Diop
https://cdn.nba.com/headshots/nba/latest/260x190/201587.png,https://cdn.nba.com/logos/nba/1610612746/primary/L/logo.svg,LA Clippers,Nicolas Batum
https://cdn.nba.com/headshots/nba/latest/260x190/203145.png,https://cdn.nba.com/logos/nba/1610612747/primary/L/logo.svg,Los Angeles Lakers,Kent Bazemore
https://cdn.nba.com/headshots/nba/latest/260x190/1629647.png,https://cdn.nba.com/logos/nba/1610612760/primary/L/logo.svg,Oklahoma City Thunder,Darius Bazley
https://cdn.nba.com/headshots/nba/latest/260x190/203078.png,https://cdn.nba.com/logos/nba/1610612764/primary/L/logo.svg,Washington Wizards,Bradley Beal
https://cdn.nba.com/headshots/nba/latest/260x190/1627736.png,https://cdn.nba.com/logos/nba/1610612750/primary/L/logo.svg,Minnesota Timberwolves,Malik Beasley
https://cdn.nba.com/headshots/nba/latest/260x190/1627761.png,https://cdn.nba.com/logos/nba/1610612751/primary/L/logo.svg,Brooklyn Nets,DeAndre' Bembry
https://cdn.nba.com/headshots/nba/latest/260x190/202722.png,https://cdn.nba.com/logos/nba/1610612764/primary/L/logo.svg,Washington Wizards,Davis Bertans
https://cdn.nba.com/headshots/nba/latest/260x190/201976.png,https://cdn.nba.com/logos/nba/1610612750/primary/L/logo.svg,Minnesota Timberwolves,Patrick Beverley
https://cdn.nba.com/headshots/nba/latest/260x190/1630180.png,https://cdn.nba.com/logos/nba/1610612765/primary/L/logo.svg,Detroit Pistons,Saddiq Bey
https://cdn.nba.com/headshots/nba/latest/260x190/203920.png,https://cdn.nba.com/logos/nba/1610612761/primary/L/logo.svg,Toronto Raptors,Khem Birch
https://cdn.nba.com/headshots/nba/latest/260x190/1629048.png,https://cdn.nba.com/logos/nba/1610612754/primary/L/logo.svg,Indiana Pacers,Goga Bitadze
https://cdn.nba.com/headshots/nba/latest/260x190/202357.png,https://cdn.nba.com/logos/nba/1610612744/primary/L/logo.svg,Golden State Warriors,Nemanja Bjelica
https://cdn.nba.com/headshots/nba/latest/260x190/202339.png,https://cdn.nba.com/logos/nba/1610612746/primary/L/logo.svg,LA Clippers,Eric Bledsoe
https://cdn.nba.com/headshots/nba/latest/260x190/1629833.png,https://cdn.nba.com/logos/nba/1610612757/primary/L/logo.svg,Portland Trail Blazers,Keljin Blevins
https://cdn.nba.com/headshots/nba/latest/260x190/203992.png,https://cdn.nba.com/logos/nba/1610612737/primary/L/logo.svg,Atlanta Hawks,Bogdan Bogdanovic
https://cdn.nba.com/headshots/nba/latest/260x190/202711.png,https://cdn.nba.com/logos/nba/1610612762/primary/L/logo.svg,Utah Jazz,Bojan Bogdanovic
https://cdn.nba.com/headshots/nba/latest/260x190/1629626.png,https://cdn.nba.com/logos/nba/1610612743/primary/L/logo.svg,Denver Nuggets,Bol Bol
https://cdn.nba.com/headshots/nba/latest/260x190/1630195.png,https://cdn.nba.com/logos/nba/1610612750/primary/L/logo.svg,Minnesota Timberwolves,Leandro Bolmaro
https://cdn.nba.com/headshots/nba/latest/260x190/1629067.png,https://cdn.nba.com/logos/nba/1610612761/primary/L/logo.svg,Toronto Raptors,Isaac Bonga
https://cdn.nba.com/headshots/nba/latest/260x190/1626164.png,https://cdn.nba.com/logos/nba/1610612756/primary/L/logo.svg,Phoenix Suns,Devin Booker
https://cdn.nba.com/headshots/nba/latest/260x190/1630527.png,https://cdn.nba.com/logos/nba/1610612746/primary/L/logo.svg,LA Clippers,Brandon Boston
https://cdn.nba.com/headshots/nba/latest/260x190/1628449.png,https://cdn.nba.com/logos/nba/1610612761/primary/L/logo.svg,Toronto Raptors,Chris Boucher
https://cdn.nba.com/headshots/nba/latest/260x190/1630547.png,https://cdn.nba.com/logos/nba/1610612766/primary/L/logo.svg,Charlotte Hornets,James Bouknight
https://cdn.nba.com/headshots/nba/latest/260x190/202340.png,https://cdn.nba.com/logos/nba/1610612747/primary/L/logo.svg,Los Angeles Lakers,Avery Bradley
https://cdn.nba.com/headshots/nba/latest/260x190/1628396.png,https://cdn.nba.com/logos/nba/1610612741/primary/L/logo.svg,Chicago Bulls,Tony Bradley
https://cdn.nba.com/headshots/nba/latest/260x190/1629649.png,https://cdn.nba.com/logos/nba/1610612753/primary/L/logo.svg,Orlando Magic,Ignas Brazdeikis
https://cdn.nba.com/headshots/nba/latest/260x190/1628969.png,https://cdn.nba.com/logos/nba/1610612756/primary/L/logo.svg,Phoenix Suns,Mikal Bridges
https://cdn.nba.com/headshots/nba/latest/260x190/1628970.png,https://cdn.nba.com/logos/nba/1610612766/primary/L/logo.svg,Charlotte Hornets,Miles Bridges
https://cdn.nba.com/headshots/nba/latest/260x190/1629052.png,https://cdn.nba.com/logos/nba/1610612754/primary/L/logo.svg,Indiana Pacers,Oshae Brissett
https://cdn.nba.com/headshots/nba/latest/260x190/1627763.png,https://cdn.nba.com/logos/nba/1610612754/primary/L/logo.svg,Indiana Pacers,Malcolm Brogdon
https://cdn.nba.com/headshots/nba/latest/260x190/1629717.png,https://cdn.nba.com/logos/nba/1610612745/primary/L/logo.svg,Houston Rockets,Armoni Brooks
https://cdn.nba.com/headshots/nba/latest/260x190/1628415.png,https://cdn.nba.com/logos/nba/1610612763/primary/L/logo.svg,Memphis Grizzlies,Dillon Brooks
https://cdn.nba.com/headshots/nba/latest/260x190/1628971.png,https://cdn.nba.com/logos/nba/1610612751/primary/L/logo.svg,Brooklyn Nets,Bruce Brown
https://cdn.nba.com/headshots/nba/latest/260x190/1627759.png,https://cdn.nba.com/logos/nba/1610612738/primary/L/logo.svg,Boston Celtics,Jaylen Brown
https://cdn.nba.com/headshots/nba/latest/260x190/1629650.png,https://cdn.nba.com/logos/nba/1610612742/primary/L/logo.svg,Dallas Mavericks,Moses Brown
https://cdn.nba.com/headshots/nba/latest/260x190/1628425.png,https://cdn.nba.com/logos/nba/1610612742/primary/L/logo.svg,Dallas Mavericks,Sterling Brown
https://cdn.nba.com/headshots/nba/latest/260x190/1630535.png,https://cdn.nba.com/logos/nba/1610612757/primary/L/logo.svg,Portland Trail Blazers,Greg Brown
https://cdn.nba.com/headshots/nba/latest/260x190/1630602.png,https://cdn.nba.com/logos/nba/1610612747/primary/L/logo.svg,Los Angeles Lakers,Chaundee Brown
https://cdn.nba.com/headshots/nba/latest/260x190/1628972.png,https://cdn.nba.com/logos/nba/1610612741/primary/L/logo.svg,Chicago Bulls,Troy Brown
https://cdn.nba.com/headshots/nba/latest/260x190/1628973.png,https://cdn.nba.com/logos/nba/1610612742/primary/L/logo.svg,Dallas Mavericks,Jalen Brunson
https://cdn.nba.com/headshots/nba/latest/260x190/1628418.png,https://cdn.nba.com/logos/nba/1610612764/primary/L/logo.svg,Washington Wizards,Thomas Bryant
https://cdn.nba.com/headshots/nba/latest/260x190/203493.png,https://cdn.nba.com/logos/nba/1610612742/primary/L/logo.svg,Dallas Mavericks,Reggie Bullock
https://cdn.nba.com/headshots/nba/latest/260x190/203504.png,https://cdn.nba.com/logos/nba/1610612742/primary/L/logo.svg,Dallas Mavericks,Trey Burke
https://cdn.nba.com/headshots/nba/latest/260x190/202692.png,https://cdn.nba.com/logos/nba/1610612752/primary/L/logo.svg,New York Knicks,Alec Burks
https://cdn.nba.com/headshots/nba/latest/260x190/1630215.png,https://cdn.nba.com/logos/nba/1610612762/primary/L/logo.svg,Utah Jazz,Jared Butler
https://cdn.nba.com/headshots/nba/latest/260x190/202710.png,https://cdn.nba.com/logos/nba/1610612748/primary/L/logo.svg,Miami Heat,Jimmy Butler
https://cdn.nba.com/headshots/nba/latest/260x190/1629719.png,https://cdn.nba.com/logos/nba/1610612759/primary/L/logo.svg,San Antonio Spurs,Devontae Cacok
https://cdn.nba.com/headshots/nba/latest/260x190/203484.png,https://cdn.nba.com/logos/nba/1610612764/primary/L/logo.svg,Washington Wizards,Kentavious Caldwell-Pope
https://cdn.nba.com/headshots/nba/latest/260x190/1630267.png,https://cdn.nba.com/logos/nba/1610612743/primary/L/logo.svg,Denver Nuggets,Facundo Campazzo
https://cdn.nba.com/headshots/nba/latest/260x190/1628427.png,https://cdn.nba.com/logos/nba/1610612743/primary/L/logo.svg,Denver Nuggets,Vlatko Cancar
https://cdn.nba.com/headshots/nba/latest/260x190/203991.png,https://cdn.nba.com/logos/nba/1610612737/primary/L/logo.svg,Atlanta Hawks,Clint Capela
https://cdn.nba.com/headshots/nba/latest/260x190/1630176.png,https://cdn.nba.com/logos/nba/1610612766/primary/L/logo.svg,Charlotte Hornets,Vernon Carey
https://cdn.nba.com/headshots/nba/latest/260x190/1628975.png,https://cdn.nba.com/logos/nba/1610612751/primary/L/logo.svg,Brooklyn Nets,Jevon Carter
https://cdn.nba.com/headshots/nba/latest/260x190/1628976.png,https://cdn.nba.com/logos/nba/1610612753/primary/L/logo.svg,Orlando Magic,Wendell Carter
https://cdn.nba.com/headshots/nba/latest/260x190/203487.png,https://cdn.nba.com/logos/nba/1610612753/primary/L/logo.svg,Orlando Magic,Michael Carter-Williams
https://cdn.nba.com/headshots/nba/latest/260x190/1627936.png,https://cdn.nba.com/logos/nba/1610612741/primary/L/logo.svg,Chicago Bulls,Alex Caruso
https://cdn.nba.com/headshots/nba/latest/260x190/1626161.png,https://cdn.nba.com/logos/nba/1610612742/primary/L/logo.svg,Dallas Mavericks,Willie Cauley-Stein
https://cdn.nba.com/headshots/nba/latest/260x190/1630551.png,https://cdn.nba.com/logos/nba/1610612761/primary/L/logo.svg,Toronto Raptors,Justin Champagnie
https://cdn.nba.com/headshots/nba/latest/260x190/1629185.png,https://cdn.nba.com/logos/nba/1610612744/primary/L/logo.svg,Golden State Warriors,Chris Chiozza
https://cdn.nba.com/headshots/nba/latest/260x190/1630528.png,https://cdn.nba.com/logos/nba/1610612745/primary/L/logo.svg,Houston Rockets,Josh Christopher
https://cdn.nba.com/headshots/nba/latest/260x190/1629634.png,https://cdn.nba.com/logos/nba/1610612763/primary/L/logo.svg,Memphis Grizzlies,Brandon Clarke
https://cdn.nba.com/headshots/nba/latest/260x190/203903.png,https://cdn.nba.com/logos/nba/1610612762/primary/L/logo.svg,Utah Jazz,Jordan Clarkson
https://cdn.nba.com/headshots/nba/latest/260x190/1629651.png,https://cdn.nba.com/logos/nba/1610612751/primary/L/logo.svg,Brooklyn Nets,Nic Claxton
https://cdn.nba.com/headshots/nba/latest/260x190/1629599.png,https://cdn.nba.com/logos/nba/1610612746/primary/L/logo.svg,LA Clippers,Amir Coffey
https://cdn.nba.com/headshots/nba/latest/260x190/1628381.png,https://cdn.nba.com/logos/nba/1610612737/primary/L/logo.svg,Atlanta Hawks,John Collins
https://cdn.nba.com/headshots/nba/latest/260x190/1628380.png,https://cdn.nba.com/logos/nba/1610612759/primary/L/logo.svg,San Antonio Spurs,Zach Collins
https://cdn.nba.com/headshots/nba/latest/260x190/201144.png,https://cdn.nba.com/logos/nba/1610612762/primary/L/logo.svg,Utah Jazz,Mike Conley
https://cdn.nba.com/headshots/nba/latest/260x190/1626192.png,https://cdn.nba.com/logos/nba/1610612749/primary/L/logo.svg,Milwaukee Bucks,Pat Connaughton
https://cdn.nba.com/headshots/nba/latest/260x190/1629076.png,https://cdn.nba.com/logos/nba/1610612741/primary/L/logo.svg,Chicago Bulls,Tyler Cook
https://cdn.nba.com/headshots/nba/latest/260x190/1630536.png,https://cdn.nba.com/logos/nba/1610612737/primary/L/logo.svg,Atlanta Hawks,Sharife Cooper
https://cdn.nba.com/headshots/nba/latest/260x190/1627822.png,https://cdn.nba.com/logos/nba/1610612743/primary/L/logo.svg,Denver Nuggets,Petr Cornelie
https://cdn.nba.com/headshots/nba/latest/260x190/203496.png,https://cdn.nba.com/logos/nba/1610612757/primary/L/logo.svg,Portland Trail Blazers,Robert Covington
https://cdn.nba.com/headshots/nba/latest/260x190/1628470.png,https://cdn.nba.com/logos/nba/1610612754/primary/L/logo.svg,Indiana Pacers,Torrey Craig
https://cdn.nba.com/headshots/nba/latest/260x190/203109.png,https://cdn.nba.com/logos/nba/1610612756/primary/L/logo.svg,Phoenix Suns,Jae Crowder
https://cdn.nba.com/headshots/nba/latest/260x190/1629633.png,https://cdn.nba.com/logos/nba/1610612763/primary/L/logo.svg,Memphis Grizzlies,Jarrett Culver
https://cdn.nba.com/headshots/nba/latest/260x190/1630595.png,https://cdn.nba.com/logos/nba/1610612765/primary/L/logo.svg,Detroit Pistons,Cade Cunningham
https://cdn.nba.com/headshots/nba/latest/260x190/203552.png,https://cdn.nba.com/logos/nba/1610612755/primary/L/logo.svg,Philadelphia 76ers,Seth Curry
https://cdn.nba.com/headshots/nba/latest/260x190/201939.png,https://cdn.nba.com/logos/nba/1610612744/primary/L/logo.svg,Golden State Warriors,Stephen Curry
https://cdn.nba.com/headshots/nba/latest/260x190/203076.png,https://cdn.nba.com/logos/nba/1610612747/primary/L/logo.svg,Los Angeles Lakers,Anthony Davis
https://cdn.nba.com/headshots/nba/latest/260x190/202334.png,https://cdn.nba.com/logos/nba/1610612739/primary/L/logo.svg,Cleveland Cavaliers,Ed Davis
https://cdn.nba.com/headshots/nba/latest/260x190/1629056.png,https://cdn.nba.com/logos/nba/1610612758/primary/L/logo.svg,Sacramento Kings,Terence Davis
https://cdn.nba.com/headshots/nba/latest/260x190/201942.png,https://cdn.nba.com/logos/nba/1610612741/primary/L/logo.svg,Chicago Bulls,DeMar DeRozan
https://cdn.nba.com/headshots/nba/latest/260x190/1630466.png,https://cdn.nba.com/logos/nba/1610612760/primary/L/logo.svg,Oklahoma City Thunder,Gabriel Deck
https://cdn.nba.com/headshots/nba/latest/260x190/203473.png,https://cdn.nba.com/logos/nba/1610612748/primary/L/logo.svg,Miami Heat,Dewayne Dedmon
https://cdn.nba.com/headshots/nba/latest/260x190/1626155.png,,,Sam Dekker
https://cdn.nba.com/headshots/nba/latest/260x190/1628978.png,https://cdn.nba.com/logos/nba/1610612749/primary/L/logo.svg,Milwaukee Bucks,Donte DiVincenzo
https://cdn.nba.com/headshots/nba/latest/260x190/1628977.png,https://cdn.nba.com/logos/nba/1610612765/primary/L/logo.svg,Detroit Pistons,Hamidou Diallo
https://cdn.nba.com/headshots/nba/latest/260x190/203476.png,https://cdn.nba.com/logos/nba/1610612737/primary/L/logo.svg,Atlanta Hawks,Gorgui Dieng
https://cdn.nba.com/headshots/nba/latest/260x190/203915.png,https://cdn.nba.com/logos/nba/1610612764/primary/L/logo.svg,Washington Wizards,Spencer Dinwiddie
https://cdn.nba.com/headshots/nba/latest/260x190/1629029.png,https://cdn.nba.com/logos/nba/1610612742/primary/L/logo.svg,Dallas Mavericks,Luka Doncic
https://cdn.nba.com/headshots/nba/latest/260x190/1629652.png,https://cdn.nba.com/logos/nba/1610612760/primary/L/logo.svg,Oklahoma City Thunder,Luguentz Dort
https://cdn.nba.com/headshots/nba/latest/260x190/1630245.png,https://cdn.nba.com/logos/nba/1610612741/primary/L/logo.svg,Chicago Bulls,Ayo Dosunmu
https://cdn.nba.com/headshots/nba/latest/260x190/1629653.png,https://cdn.nba.com/logos/nba/1610612741/primary/L/logo.svg,Chicago Bulls,Devon Dotson
https://cdn.nba.com/headshots/nba/latest/260x190/1629635.png,,,Sekou Doumbouya
https://cdn.nba.com/headshots/nba/latest/260x190/1630288.png,https://cdn.nba.com/logos/nba/1610612744/primary/L/logo.svg,Golden State Warriors,Jeff Dowtin
https://cdn.nba.com/headshots/nba/latest/260x190/1628408.png,https://cdn.nba.com/logos/nba/1610612743/primary/L/logo.svg,Denver Nuggets,P.J. Dozier
https://cdn.nba.com/headshots/nba/latest/260x190/201609.png,https://cdn.nba.com/logos/nba/1610612761/primary/L/logo.svg,Toronto Raptors,Goran Dragic
https://cdn.nba.com/headshots/nba/latest/260x190/203083.png,https://cdn.nba.com/logos/nba/1610612755/primary/L/logo.svg,Philadelphia 76ers,Andre Drummond
https://cdn.nba.com/headshots/nba/latest/260x190/1630537.png,https://cdn.nba.com/logos/nba/1610612754/primary/L/logo.svg,Indiana Pacers,Chris Duarte
https://cdn.nba.com/headshots/nba/latest/260x190/1630561.png,https://cdn.nba.com/logos/nba/1610612751/primary/L/logo.svg,Brooklyn Nets,David Duke
https://cdn.nba.com/headshots/nba/latest/260x190/201142.png,https://cdn.nba.com/logos/nba/1610612751/primary/L/logo.svg,Brooklyn Nets,Kevin Durant
https://cdn.nba.com/headshots/nba/latest/260x190/1630162.png,https://cdn.nba.com/logos/nba/1610612750/primary/L/logo.svg,Minnesota Timberwolves,Anthony Edwards
https://cdn.nba.com/headshots/nba/latest/260x190/1630556.png,https://cdn.nba.com/logos/nba/1610612751/primary/L/logo.svg,Brooklyn Nets,Kessler Edwards
https://cdn.nba.com/headshots/nba/latest/260x190/1629604.png,https://cdn.nba.com/logos/nba/1610612757/primary/L/logo.svg,Portland Trail Blazers,CJ Elleby
https://cdn.nba.com/headshots/nba/latest/260x190/201961.png,https://cdn.nba.com/logos/nba/1610612747/primary/L/logo.svg,Los Angeles Lakers,Wayne Ellington
https://cdn.nba.com/headshots/nba/latest/260x190/203954.png,https://cdn.nba.com/logos/nba/1610612755/primary/L/logo.svg,Philadelphia 76ers,Joel Embiid
https://cdn.nba.com/headshots/nba/latest/260x190/1629234.png,https://cdn.nba.com/logos/nba/1610612759/primary/L/logo.svg,San Antonio Spurs,Drew Eubanks
https://cdn.nba.com/headshots/nba/latest/260x190/1629605.png,https://cdn.nba.com/logos/nba/1610612739/primary/L/logo.svg,Cleveland Cavaliers,Tacko Fall
https://cdn.nba.com/headshots/nba/latest/260x190/202324.png,https://cdn.nba.com/logos/nba/1610612760/primary/L/logo.svg,Oklahoma City Thunder,Derrick Favors
https://cdn.nba.com/headshots/nba/latest/260x190/1628981.png,https://cdn.nba.com/logos/nba/1610612738/primary/L/logo.svg,Boston Celtics,Bruno Fernando
https://cdn.nba.com/headshots/nba/latest/260x190/1627827.png,https://cdn.nba.com/logos/nba/1610612742/primary/L/logo.svg,Dallas Mavericks,Dorian Finney-Smith
https://cdn.nba.com/headshots/nba/latest/260x190/1630238.png,https://cdn.nba.com/logos/nba/1610612762/primary/L/logo.svg,Utah Jazz,Malik Fitts
https://cdn.nba.com/headshots/nba/latest/260x190/1630201.png,https://cdn.nba.com/logos/nba/1610612761/primary/L/logo.svg,Toronto Raptors,Malachi Flynn
https://cdn.nba.com/headshots/nba/latest/260x190/1627854.png,https://cdn.nba.com/logos/nba/1610612759/primary/L/logo.svg,San Antonio Spurs,Bryn Forbes
https://cdn.nba.com/headshots/nba/latest/260x190/1630235.png,https://cdn.nba.com/logos/nba/1610612762/primary/L/logo.svg,Utah Jazz,Trent Forrest
https://cdn.nba.com/headshots/nba/latest/260x190/203095.png,https://cdn.nba.com/logos/nba/1610612752/primary/L/logo.svg,New York Knicks,Evan Fournier
https://cdn.nba.com/headshots/nba/latest/260x190/1628368.png,https://cdn.nba.com/logos/nba/1610612758/primary/L/logo.svg,Sacramento Kings,De'Aaron Fox
https://cdn.nba.com/headshots/nba/latest/260x190/1628365.png,https://cdn.nba.com/logos/nba/1610612753/primary/L/logo.svg,Orlando Magic,Markelle Fultz
https://cdn.nba.com/headshots/nba/latest/260x190/1629655.png,https://cdn.nba.com/logos/nba/1610612764/primary/L/logo.svg,Washington Wizards,Daniel Gafford
https://cdn.nba.com/headshots/nba/latest/260x190/201568.png,https://cdn.nba.com/logos/nba/1610612737/primary/L/logo.svg,Atlanta Hawks,Danilo Gallinari
https://cdn.nba.com/headshots/nba/latest/260x190/1629636.png,https://cdn.nba.com/logos/nba/1610612739/primary/L/logo.svg,Cleveland Cavaliers,Darius Garland
https://cdn.nba.com/headshots/nba/latest/260x190/1630585.png,https://cdn.nba.com/logos/nba/1610612748/primary/L/logo.svg,Miami Heat,Marcus Garrett
https://cdn.nba.com/headshots/nba/latest/260x190/1630586.png,https://cdn.nba.com/logos/nba/1610612745/primary/L/logo.svg,Houston Rockets,Usman Garuba
https://cdn.nba.com/headshots/nba/latest/260x190/1630568.png,https://cdn.nba.com/logos/nba/1610612765/primary/L/logo.svg,Detroit Pistons,Luka Garza
https://cdn.nba.com/headshots/nba/latest/260x190/200752.png,https://cdn.nba.com/logos/nba/1610612762/primary/L/logo.svg,Utah Jazz,Rudy Gay
https://cdn.nba.com/headshots/nba/latest/260x190/202331.png,https://cdn.nba.com/logos/nba/1610612746/primary/L/logo.svg,LA Clippers,Paul George
https://cdn.nba.com/headshots/nba/latest/260x190/201959.png,https://cdn.nba.com/logos/nba/1610612752/primary/L/logo.svg,New York Knicks,Taj Gibson
https://cdn.nba.com/headshots/nba/latest/260x190/1630581.png,https://cdn.nba.com/logos/nba/1610612760/primary/L/logo.svg,Oklahoma City Thunder,Josh Giddey
https://cdn.nba.com/headshots/nba/latest/260x190/1628983.png,https://cdn.nba.com/logos/nba/1610612760/primary/L/logo.svg,Oklahoma City Thunder,Shai Gilgeous-Alexander
https://cdn.nba.com/headshots/nba/latest/260x190/1630264.png,https://cdn.nba.com/logos/nba/1610612764/primary/L/logo.svg,Washington Wizards,Anthony Gill
https://cdn.nba.com/headshots/nba/latest/260x190/203497.png,https://cdn.nba.com/logos/nba/1610612762/primary/L/logo.svg,Utah Jazz,Rudy Gobert
https://cdn.nba.com/headshots/nba/latest/260x190/203932.png,https://cdn.nba.com/logos/nba/1610612743/primary/L/logo.svg,Denver Nuggets,Aaron Gordon
https://cdn.nba.com/headshots/nba/latest/260x190/201569.png,https://cdn.nba.com/logos/nba/1610612745/primary/L/logo.svg,Houston Rockets,Eric Gordon
https://cdn.nba.com/headshots/nba/latest/260x190/1628984.png,https://cdn.nba.com/logos/nba/1610612740/primary/L/logo.svg,New Orleans Pelicans,Devonte' Graham
https://cdn.nba.com/headshots/nba/latest/260x190/203924.png,https://cdn.nba.com/logos/nba/1610612765/primary/L/logo.svg,Detroit Pistons,Jerami Grant
https://cdn.nba.com/headshots/nba/latest/260x190/201980.png,https://cdn.nba.com/logos/nba/1610612755/primary/L/logo.svg,Philadelphia 76ers,Danny Green
https://cdn.nba.com/headshots/nba/latest/260x190/203110.png,https://cdn.nba.com/logos/nba/1610612744/primary/L/logo.svg,Golden State Warriors,Draymond Green
https://cdn.nba.com/headshots/nba/latest/260x190/203210.png,https://cdn.nba.com/logos/nba/1610612743/primary/L/logo.svg,Denver Nuggets,JaMychal Green
https://cdn.nba.com/headshots/nba/latest/260x190/1630224.png,https://cdn.nba.com/logos/nba/1610612745/primary/L/logo.svg,Houston Rockets,Jalen Green
https://cdn.nba.com/headshots/nba/latest/260x190/1629750.png,https://cdn.nba.com/logos/nba/1610612741/primary/L/logo.svg,Chicago Bulls,Javonte Green
https://cdn.nba.com/headshots/nba/latest/260x190/201145.png,https://cdn.nba.com/logos/nba/1610612743/primary/L/logo.svg,Denver Nuggets,Jeff Green
https://cdn.nba.com/headshots/nba/latest/260x190/1630182.png,https://cdn.nba.com/logos/nba/1610612742/primary/L/logo.svg,Dallas Mavericks,Josh Green
https://cdn.nba.com/headshots/nba/latest/260x190/201933.png,https://cdn.nba.com/logos/nba/1610612751/primary/L/logo.svg,Brooklyn Nets,Blake Griffin
https://cdn.nba.com/headshots/nba/latest/260x190/1629656.png,https://cdn.nba.com/logos/nba/1610612752/primary/L/logo.svg,New York Knicks,Quentin Grimes
https://cdn.nba.com/headshots/nba/latest/260x190/1629060.png,https://cdn.nba.com/logos/nba/1610612764/primary/L/logo.svg,Washington Wizards,Rui Hachimura
https://cdn.nba.com/headshots/nba/latest/260x190/1630169.png,https://cdn.nba.com/logos/nba/1610612758/primary/L/logo.svg,Sacramento Kings,Tyrese Haliburton
https://cdn.nba.com/headshots/nba/latest/260x190/1630181.png,https://cdn.nba.com/logos/nba/1610612753/primary/L/logo.svg,Orlando Magic,R.J. Hampton
https://cdn.nba.com/headshots/nba/latest/260x190/203501.png,https://cdn.nba.com/logos/nba/1610612742/primary/L/logo.svg,Dallas Mavericks,Tim Hardaway
https://cdn.nba.com/headshots/nba/latest/260x190/201935.png,https://cdn.nba.com/logos/nba/1610612751/primary/L/logo.svg,Brooklyn Nets,James Harden
https://cdn.nba.com/headshots/nba/latest/260x190/203090.png,https://cdn.nba.com/logos/nba/1610612758/primary/L/logo.svg,Sacramento Kings,Maurice Harkless
https://cdn.nba.com/headshots/nba/latest/260x190/1626149.png,https://cdn.nba.com/logos/nba/1610612764/primary/L/logo.svg,Washington Wizards,Montrezl Harrell
https://cdn.nba.com/headshots/nba/latest/260x190/203914.png,https://cdn.nba.com/logos/nba/1610612753/primary/L/logo.svg,Orlando Magic,Gary Harris
https://cdn.nba.com/headshots/nba/latest/260x190/203925.png,https://cdn.nba.com/logos/nba/1610612751/primary/L/logo.svg,Brooklyn Nets,Joe Harris
https://cdn.nba.com/headshots/nba/latest/260x190/202699.png,https://cdn.nba.com/logos/nba/1610612755/primary/L/logo.svg,Philadelphia 76ers,Tobias Harris
https://cdn.nba.com/headshots/nba/latest/260x190/1628404.png,https://cdn.nba.com/logos/nba/1610612740/primary/L/logo.svg,New Orleans Pelicans,Josh Hart
https://cdn.nba.com/headshots/nba/latest/260x190/1628392.png,https://cdn.nba.com/logos/nba/1610612746/primary/L/logo.svg,LA Clippers,Isaiah Hartenstein
https://cdn.nba.com/headshots/nba/latest/260x190/2617.png,https://cdn.nba.com/logos/nba/1610612748/primary/L/logo.svg,Miami Heat,Udonis Haslem
https://cdn.nba.com/headshots/nba/latest/260x190/1630573.png,https://cdn.nba.com/logos/nba/1610612738/primary/L/logo.svg,Boston Celtics,Sam Hauser
https://cdn.nba.com/headshots/nba/latest/260x190/1629637.png,https://cdn.nba.com/logos/nba/1610612740/primary/L/logo.svg,New Orleans Pelicans,Jaxson Hayes
https://cdn.nba.com/headshots/nba/latest/260x190/1630165.png,https://cdn.nba.com/logos/nba/1610612765/primary/L/logo.svg,Detroit Pistons,Killian Hayes
https://cdn.nba.com/headshots/nba/latest/260x190/202330.png,https://cdn.nba.com/logos/nba/1610612766/primary/L/logo.svg,Charlotte Hornets,Gordon Hayward
https://cdn.nba.com/headshots/nba/latest/260x190/1630565.png,https://cdn.nba.com/logos/nba/1610612755/primary/L/logo.svg,Philadelphia 76ers,Aaron Henry
https://cdn.nba.com/headshots/nba/latest/260x190/1627823.png,https://cdn.nba.com/logos/nba/1610612738/primary/L/logo.svg,Boston Celtics,Juancho Hernangomez
https://cdn.nba.com/headshots/nba/latest/260x190/1626195.png,https://cdn.nba.com/logos/nba/1610612740/primary/L/logo.svg,New Orleans Pelicans,Willy Hernangomez
https://cdn.nba.com/headshots/nba/latest/260x190/1629639.png,https://cdn.nba.com/logos/nba/1610612748/primary/L/logo.svg,Miami Heat,Tyler Herro
https://cdn.nba.com/headshots/nba/latest/260x190/1627741.png,https://cdn.nba.com/logos/nba/1610612758/primary/L/logo.svg,Sacramento Kings,Buddy Hield
https://cdn.nba.com/headshots/nba/latest/260x190/201588.png,https://cdn.nba.com/logos/nba/1610612749/primary/L/logo.svg,Milwaukee Bucks,George Hill
https://cdn.nba.com/headshots/nba/latest/260x190/203524.png,https://cdn.nba.com/logos/nba/1610612737/primary/L/logo.svg,Atlanta Hawks,Solomon Hill
https://cdn.nba.com/headshots/nba/latest/260x190/1628988.png,https://cdn.nba.com/logos/nba/1610612764/primary/L/logo.svg,Washington Wizards,Aaron Holiday
https://cdn.nba.com/headshots/nba/latest/260x190/201950.png,https://cdn.nba.com/logos/nba/1610612749/primary/L/logo.svg,Milwaukee Bucks,Jrue Holiday
https://cdn.nba.com/headshots/nba/latest/260x190/203200.png,https://cdn.nba.com/logos/nba/1610612754/primary/L/logo.svg,Indiana Pacers,Justin Holiday
https://cdn.nba.com/headshots/nba/latest/260x190/1626158.png,https://cdn.nba.com/logos/nba/1610612758/primary/L/logo.svg,Sacramento Kings,Richaun Holmes
https://cdn.nba.com/headshots/nba/latest/260x190/1629756.png,https://cdn.nba.com/logos/nba/1610612740/primary/L/logo.svg,New Orleans Pelicans,Daulton Hommes
https://cdn.nba.com/headshots/nba/latest/260x190/203918.png,https://cdn.nba.com/logos/nba/1610612749/primary/L/logo.svg,Milwaukee Bucks,Rodney Hood
https://cdn.nba.com/headshots/nba/latest/260x190/201143.png,https://cdn.nba.com/logos/nba/1610612738/primary/L/logo.svg,Boston Celtics,Al Horford
https://cdn.nba.com/headshots/nba/latest/260x190/1629659.png,https://cdn.nba.com/logos/nba/1610612747/primary/L/logo.svg,Los Angeles Lakers,Talen Horton-Tucker
https://cdn.nba.com/headshots/nba/latest/260x190/1627863.png,https://cdn.nba.com/logos/nba/1610612745/primary/L/logo.svg,Houston Rockets,Danuel House
https://cdn.nba.com/headshots/nba/latest/260x190/2730.png,https://cdn.nba.com/logos/nba/1610612747/primary/L/logo.svg,Los Angeles Lakers,Dwight Howard
https://cdn.nba.com/headshots/nba/latest/260x190/1630210.png,https://cdn.nba.com/logos/nba/1610612743/primary/L/logo.svg,Denver Nuggets,Markus Howard
https://cdn.nba.com/headshots/nba/latest/260x190/1628989.png,https://cdn.nba.com/logos/nba/1610612737/primary/L/logo.svg,Atlanta Hawks,Kevin Huerter
https://cdn.nba.com/headshots/nba/latest/260x190/1630643.png,https://cdn.nba.com/logos/nba/1610612747/primary/L/logo.svg,Los Angeles Lakers,Jay Huff
https://cdn.nba.com/headshots/nba/latest/260x190/1630190.png,https://cdn.nba.com/logos/nba/1610612762/primary/L/logo.svg,Utah Jazz,Elijah Hughes
https://cdn.nba.com/headshots/nba/latest/260x190/1629631.png,https://cdn.nba.com/logos/nba/1610612737/primary/L/logo.svg,Atlanta Hawks,De'Andre Hunter
https://cdn.nba.com/headshots/nba/latest/260x190/1628990.png,https://cdn.nba.com/logos/nba/1610612756/primary/L/logo.svg,Phoenix Suns,Chandler Hutchison
https://cdn.nba.com/headshots/nba/latest/260x190/1630538.png,https://cdn.nba.com/logos/nba/1610612743/primary/L/logo.svg,Denver Nuggets,Bones Hyland
https://cdn.nba.com/headshots/nba/latest/260x190/201586.png,https://cdn.nba.com/logos/nba/1610612746/primary/L/logo.svg,LA Clippers,Serge Ibaka
https://cdn.nba.com/headshots/nba/latest/260x190/2738.png,https://cdn.nba.com/logos/nba/1610612744/primary/L/logo.svg,Golden State Warriors,Andre Iguodala
https://cdn.nba.com/headshots/nba/latest/260x190/204060.png,https://cdn.nba.com/logos/nba/1610612762/primary/L/logo.svg,Utah Jazz,Joe Ingles
https://cdn.nba.com/headshots/nba/latest/260x190/1627742.png,https://cdn.nba.com/logos/nba/1610612740/primary/L/logo.svg,New Orleans Pelicans,Brandon Ingram
https://cdn.nba.com/headshots/nba/latest/260x190/202681.png,https://cdn.nba.com/logos/nba/1610612751/primary/L/logo.svg,Brooklyn Nets,Kyrie Irving
https://cdn.nba.com/headshots/nba/latest/260x190/1628371.png,https://cdn.nba.com/logos/nba/1610612753/primary/L/logo.svg,Orlando Magic,Jonathan Isaac
https://cdn.nba.com/headshots/nba/latest/260x190/1628402.png,https://cdn.nba.com/logos/nba/1610612765/primary/L/logo.svg,Detroit Pistons,Frank Jackson
https://cdn.nba.com/headshots/nba/latest/260x190/1630543.png,https://cdn.nba.com/logos/nba/1610612754/primary/L/logo.svg,Indiana Pacers,Isaiah Jackson
https://cdn.nba.com/headshots/nba/latest/260x190/1628367.png,https://cdn.nba.com/logos/nba/1610612765/primary/L/logo.svg,Detroit Pistons,Josh Jackson
https://cdn.nba.com/headshots/nba/latest/260x190/202704.png,https://cdn.nba.com/logos/nba/1610612746/primary/L/logo.svg,LA Clippers,Reggie Jackson
https://cdn.nba.com/headshots/nba/latest/260x190/1628991.png,https://cdn.nba.com/logos/nba/1610612763/primary/L/logo.svg,Memphis Grizzlies,Jaren Jackson
https://cdn.nba.com/headshots/nba/latest/260x190/2544.png,https://cdn.nba.com/logos/nba/1610612747/primary/L/logo.svg,Los Angeles Lakers,LeBron James
https://cdn.nba.com/headshots/nba/latest/260x190/1630610.png,https://cdn.nba.com/logos/nba/1610612754/primary/L/logo.svg,Indiana Pacers,DeJon Jarreau
https://cdn.nba.com/headshots/nba/latest/260x190/1629660.png,https://cdn.nba.com/logos/nba/1610612760/primary/L/logo.svg,Oklahoma City Thunder,Ty Jerome
https://cdn.nba.com/headshots/nba/latest/260x190/1630198.png,https://cdn.nba.com/logos/nba/1610612755/primary/L/logo.svg,Philadelphia 76ers,Isaiah Joe
https://cdn.nba.com/headshots/nba/latest/260x190/1628993.png,https://cdn.nba.com/logos/nba/1610612741/primary/L/logo.svg,Chicago Bulls,Alize Johnson
https://cdn.nba.com/headshots/nba/latest/260x190/1629661.png,https://cdn.nba.com/logos/nba/1610612756/primary/L/logo.svg,Phoenix Suns,Cameron Johnson
https://cdn.nba.com/headshots/nba/latest/260x190/1630525.png,https://cdn.nba.com/logos/nba/1610612761/primary/L/logo.svg,Toronto Raptors,David Johnson
https://cdn.nba.com/headshots/nba/latest/260x190/1630552.png,https://cdn.nba.com/logos/nba/1610612737/primary/L/logo.svg,Atlanta Hawks,Jalen Johnson
https://cdn.nba.com/headshots/nba/latest/260x190/201949.png,https://cdn.nba.com/logos/nba/1610612751/primary/L/logo.svg,Brooklyn Nets,James Johnson
https://cdn.nba.com/headshots/nba/latest/260x190/1629640.png,https://cdn.nba.com/logos/nba/1610612759/primary/L/logo.svg,San Antonio Spurs,Keldon Johnson
https://cdn.nba.com/headshots/nba/latest/260x190/1630553.png,https://cdn.nba.com/logos/nba/1610612746/primary/L/logo.svg,LA Clippers,Keon Johnson
https://cdn.nba.com/headshots/nba/latest/260x190/203999.png,https://cdn.nba.com/logos/nba/1610612743/primary/L/logo.svg,Denver Nuggets,Nikola Jokic
https://cdn.nba.com/headshots/nba/latest/260x190/1627745.png,https://cdn.nba.com/logos/nba/1610612758/primary/L/logo.svg,Sacramento Kings,Damian Jones
https://cdn.nba.com/headshots/nba/latest/260x190/1630529.png,https://cdn.nba.com/logos/nba/1610612740/primary/L/logo.svg,New Orleans Pelicans,Herbert Jones
https://cdn.nba.com/headshots/nba/latest/260x190/1630539.png,https://cdn.nba.com/logos/nba/1610612766/primary/L/logo.svg,Charlotte Hornets,Kai Jones
https://cdn.nba.com/headshots/nba/latest/260x190/1630200.png,https://cdn.nba.com/logos/nba/1610612759/primary/L/logo.svg,San Antonio Spurs,Tre Jones
https://cdn.nba.com/headshots/nba/latest/260x190/1626145.png,https://cdn.nba.com/logos/nba/1610612763/primary/L/logo.svg,Memphis Grizzlies,Tyus Jones
https://cdn.nba.com/headshots/nba/latest/260x190/1627884.png,https://cdn.nba.com/logos/nba/1610612741/primary/L/logo.svg,Chicago Bulls,Derrick Jones
https://cdn.nba.com/headshots/nba/latest/260x190/201599.png,https://cdn.nba.com/logos/nba/1610612747/primary/L/logo.svg,Los Angeles Lakers,DeAndre Jordan
https://cdn.nba.com/headshots/nba/latest/260x190/202709.png,https://cdn.nba.com/logos/nba/1610612765/primary/L/logo.svg,Detroit Pistons,Cory Joseph
https://cdn.nba.com/headshots/nba/latest/260x190/1630686.png,https://cdn.nba.com/logos/nba/1610612749/primary/L/logo.svg,Milwaukee Bucks,Georgios Kalaitzakis
https://cdn.nba.com/headshots/nba/latest/260x190/1626163.png,https://cdn.nba.com/logos/nba/1610612756/primary/L/logo.svg,Phoenix Suns,Frank Kaminsky
https://cdn.nba.com/headshots/nba/latest/260x190/202683.png,https://cdn.nba.com/logos/nba/1610612738/primary/L/logo.svg,Boston Celtics,Enes Kanter
https://cdn.nba.com/headshots/nba/latest/260x190/1628379.png,https://cdn.nba.com/logos/nba/1610612746/primary/L/logo.svg,LA Clippers,Luke Kennard
https://cdn.nba.com/headshots/nba/latest/260x190/1629663.png,https://cdn.nba.com/logos/nba/1610612758/primary/L/logo.svg,Sacramento Kings,Louis King
https://cdn.nba.com/headshots/nba/latest/260x190/1630557.png,https://cdn.nba.com/logos/nba/1610612764/primary/L/logo.svg,Washington Wizards,Corey Kispert
https://cdn.nba.com/headshots/nba/latest/260x190/1628467.png,https://cdn.nba.com/logos/nba/1610612742/primary/L/logo.svg,Dallas Mavericks,Maxi Kleber
https://cdn.nba.com/headshots/nba/latest/260x190/1630233.png,https://cdn.nba.com/logos/nba/1610612750/primary/L/logo.svg,Minnesota Timberwolves,Nathan Knight
https://cdn.nba.com/headshots/nba/latest/260x190/1628995.png,https://cdn.nba.com/logos/nba/1610612752/primary/L/logo.svg,New York Knicks,Kevin Knox
https://cdn.nba.com/headshots/nba/latest/260x190/1629723.png,https://cdn.nba.com/logos/nba/1610612763/primary/L/logo.svg,Memphis Grizzlies,John Konchar
https://cdn.nba.com/headshots/nba/latest/260x190/1627788.png,https://cdn.nba.com/logos/nba/1610612755/primary/L/logo.svg,Philadelphia 76ers,Furkan Korkmaz
https://cdn.nba.com/headshots/nba/latest/260x190/1630249.png,https://cdn.nba.com/logos/nba/1610612760/primary/L/logo.svg,Oklahoma City Thunder,Vit Krejci
https://cdn.nba.com/headshots/nba/latest/260x190/1629083.png,https://cdn.nba.com/logos/nba/1610612766/primary/L/logo.svg,Charlotte Hornets,Arnoldas Kulboka
https://cdn.nba.com/headshots/nba/latest/260x190/1630228.png,https://cdn.nba.com/logos/nba/1610612744/primary/L/logo.svg,Golden State Warriors,Jonathan Kuminga
https://cdn.nba.com/headshots/nba/latest/260x190/1628398.png,https://cdn.nba.com/logos/nba/1610612764/primary/L/logo.svg,Washington Wizards,Kyle Kuzma
https://cdn.nba.com/headshots/nba/latest/260x190/203087.png,https://cdn.nba.com/logos/nba/1610612754/primary/L/logo.svg,Indiana Pacers,Jeremy Lamb
https://cdn.nba.com/headshots/nba/latest/260x190/1629111.png,https://cdn.nba.com/logos/nba/1610612759/primary/L/logo.svg,San Antonio Spurs,Jock Landale
https://cdn.nba.com/headshots/nba/latest/260x190/1629641.png,https://cdn.nba.com/logos/nba/1610612738/primary/L/logo.svg,Boston Celtics,Romeo Langford
https://cdn.nba.com/headshots/nba/latest/260x190/1627774.png,https://cdn.nba.com/logos/nba/1610612750/primary/L/logo.svg,Minnesota Timberwolves,Jake Layman
https://cdn.nba.com/headshots/nba/latest/260x190/203897.png,https://cdn.nba.com/logos/nba/1610612741/primary/L/logo.svg,Chicago Bulls,Zach LaVine
https://cdn.nba.com/headshots/nba/latest/260x190/1627747.png,https://cdn.nba.com/logos/nba/1610612754/primary/L/logo.svg,Indiana Pacers,Caris LeVert
https://cdn.nba.com/headshots/nba/latest/260x190/1627814.png,https://cdn.nba.com/logos/nba/1610612744/primary/L/logo.svg,Golden State Warriors,Damion Lee
https://cdn.nba.com/headshots/nba/latest/260x190/1630240.png,https://cdn.nba.com/logos/nba/1610612765/primary/L/logo.svg,Detroit Pistons,Saben Lee
https://cdn.nba.com/headshots/nba/latest/260x190/203458.png,https://cdn.nba.com/logos/nba/1610612758/primary/L/logo.svg,Sacramento Kings,Alex Len
https://cdn.nba.com/headshots/nba/latest/260x190/202695.png,https://cdn.nba.com/logos/nba/1610612746/primary/L/logo.svg,LA Clippers,Kawhi Leonard
https://cdn.nba.com/headshots/nba/latest/260x190/1630575.png,https://cdn.nba.com/logos/nba/1610612766/primary/L/logo.svg,Charlotte Hornets,Scottie Lewis
https://cdn.nba.com/headshots/nba/latest/260x190/1630184.png,https://cdn.nba.com/logos/nba/1610612740/primary/L/logo.svg,New Orleans Pelicans,Kira Lewis
https://cdn.nba.com/headshots/nba/latest/260x190/203081.png,https://cdn.nba.com/logos/nba/1610612757/primary/L/logo.svg,Portland Trail Blazers,Damian Lillard
https://cdn.nba.com/headshots/nba/latest/260x190/1629642.png,https://cdn.nba.com/logos/nba/1610612757/primary/L/logo.svg,Portland Trail Blazers,Nassir Little
https://cdn.nba.com/headshots/nba/latest/260x190/1630587.png,https://cdn.nba.com/logos/nba/1610612765/primary/L/logo.svg,Detroit Pistons,Isaiah Livers
https://cdn.nba.com/headshots/nba/latest/260x190/1626172.png,https://cdn.nba.com/logos/nba/1610612744/primary/L/logo.svg,Golden State Warriors,Kevon Looney
https://cdn.nba.com/headshots/nba/latest/260x190/201572.png,https://cdn.nba.com/logos/nba/1610612749/primary/L/logo.svg,Milwaukee Bucks,Brook Lopez
https://cdn.nba.com/headshots/nba/latest/260x190/201577.png,https://cdn.nba.com/logos/nba/1610612753/primary/L/logo.svg,Orlando Magic,Robin Lopez
https://cdn.nba.com/headshots/nba/latest/260x190/1629712.png,https://cdn.nba.com/logos/nba/1610612740/primary/L/logo.svg,New Orleans Pelicans,Marcos Louzada Silva
https://cdn.nba.com/headshots/nba/latest/260x190/201567.png,https://cdn.nba.com/logos/nba/1610612739/primary/L/logo.svg,Cleveland Cavaliers,Kevin Love
https://cdn.nba.com/headshots/nba/latest/260x190/200768.png,https://cdn.nba.com/logos/nba/1610612748/primary/L/logo.svg,Miami Heat,Kyle Lowry
https://cdn.nba.com/headshots/nba/latest/260x190/1627789.png,https://cdn.nba.com/logos/nba/1610612737/primary/L/logo.svg,Atlanta Hawks,Timothe Luwawu-Cabarrot
https://cdn.nba.com/headshots/nba/latest/260x190/1626168.png,https://cdn.nba.com/logos/nba/1610612765/primary/L/logo.svg,Detroit Pistons,Trey Lyles
https://cdn.nba.com/headshots/nba/latest/260x190/1630177.png,https://cdn.nba.com/logos/nba/1610612760/primary/L/logo.svg,Oklahoma City Thunder,Theo Maledon
https://cdn.nba.com/headshots/nba/latest/260x190/1630572.png,https://cdn.nba.com/logos/nba/1610612749/primary/L/logo.svg,Milwaukee Bucks,Sandro Mamukelashvili
https://cdn.nba.com/headshots/nba/latest/260x190/1629611.png,https://cdn.nba.com/logos/nba/1610612746/primary/L/logo.svg,LA Clippers,Terance Mann
https://cdn.nba.com/headshots/nba/latest/260x190/1630544.png,https://cdn.nba.com/logos/nba/1610612760/primary/L/logo.svg,Oklahoma City Thunder,Tre Mann
https://cdn.nba.com/headshots/nba/latest/260x190/1626246.png,https://cdn.nba.com/logos/nba/1610612742/primary/L/logo.svg,Dallas Mavericks,Boban Marjanovic
https://cdn.nba.com/headshots/nba/latest/260x190/1628374.png,https://cdn.nba.com/logos/nba/1610612739/primary/L/logo.svg,Cleveland Cavaliers,Lauri Markkanen
https://cdn.nba.com/headshots/nba/latest/260x190/1630230.png,https://cdn.nba.com/logos/nba/1610612740/primary/L/logo.svg,New Orleans Pelicans,Naji Marshall
https://cdn.nba.com/headshots/nba/latest/260x190/1628997.png,https://cdn.nba.com/logos/nba/1610612748/primary/L/logo.svg,Miami Heat,Caleb Martin
https://cdn.nba.com/headshots/nba/latest/260x190/1628998.png,https://cdn.nba.com/logos/nba/1610612766/primary/L/logo.svg,Charlotte Hornets,Cody Martin
https://cdn.nba.com/headshots/nba/latest/260x190/1629103.png,https://cdn.nba.com/logos/nba/1610612754/primary/L/logo.svg,Indiana Pacers,Kelan Martin
https://cdn.nba.com/headshots/nba/latest/260x190/1630231.png,https://cdn.nba.com/logos/nba/1610612745/primary/L/logo.svg,Houston Rockets,Kenyon Martin
https://cdn.nba.com/headshots/nba/latest/260x190/1629726.png,https://cdn.nba.com/logos/nba/1610612745/primary/L/logo.svg,Houston Rockets,Garrison Mathews
https://cdn.nba.com/headshots/nba/latest/260x190/1630178.png,https://cdn.nba.com/logos/nba/1610612755/primary/L/logo.svg,Philadelphia 76ers,Tyrese Maxey
https://cdn.nba.com/headshots/nba/latest/260x190/1630219.png,https://cdn.nba.com/logos/nba/1610612737/primary/L/logo.svg,Atlanta Hawks,Skylar Mays
https://cdn.nba.com/headshots/nba/latest/260x190/1630540.png,https://cdn.nba.com/logos/nba/1610612752/primary/L/logo.svg,New York Knicks,Miles McBride
https://cdn.nba.com/headshots/nba/latest/260x190/203468.png,https://cdn.nba.com/logos/nba/1610612757/primary/L/logo.svg,Portland Trail Blazers,CJ McCollum
https://cdn.nba.com/headshots/nba/latest/260x190/204456.png,https://cdn.nba.com/logos/nba/1610612754/primary/L/logo.svg,Indiana Pacers,T.J. McConnell
https://cdn.nba.com/headshots/nba/latest/260x190/1630183.png,https://cdn.nba.com/logos/nba/1610612750/primary/L/logo.svg,Minnesota Timberwolves,Jaden McDaniels
https://cdn.nba.com/headshots/nba/latest/260x190/1629667.png,https://cdn.nba.com/logos/nba/1610612766/primary/L/logo.svg,Charlotte Hornets,Jalen McDaniels
https://cdn.nba.com/headshots/nba/latest/260x190/203926.png,https://cdn.nba.com/logos/nba/1610612759/primary/L/logo.svg,San Antonio Spurs,Doug McDermott
https://cdn.nba.com/headshots/nba/latest/260x190/201580.png,https://cdn.nba.com/logos/nba/1610612756/primary/L/logo.svg,Phoenix Suns,JaVale McGee
https://cdn.nba.com/headshots/nba/latest/260x190/203585.png,https://cdn.nba.com/logos/nba/1610612765/primary/L/logo.svg,Detroit Pistons,Rodney McGruder
https://cdn.nba.com/headshots/nba/latest/260x190/1630605.png,https://cdn.nba.com/logos/nba/1610612742/primary/L/logo.svg,Dallas Mavericks,JaQuori McLaughlin
https://cdn.nba.com/headshots/nba/latest/260x190/1629162.png,https://cdn.nba.com/logos/nba/1610612750/primary/L/logo.svg,Minnesota Timberwolves,Jordan McLaughlin
https://cdn.nba.com/headshots/nba/latest/260x190/203463.png,https://cdn.nba.com/logos/nba/1610612757/primary/L/logo.svg,Portland Trail Blazers,Ben McLemore
https://cdn.nba.com/headshots/nba/latest/260x190/1629001.png,https://cdn.nba.com/logos/nba/1610612763/primary/L/logo.svg,Memphis Grizzlies,De'Anthony Melton
https://cdn.nba.com/headshots/nba/latest/260x190/1630241.png,https://cdn.nba.com/logos/nba/1610612763/primary/L/logo.svg,Memphis Grizzlies,Sam Merrill
https://cdn.nba.com/headshots/nba/latest/260x190/1629002.png,https://cdn.nba.com/logos/nba/1610612758/primary/L/logo.svg,Sacramento Kings,Chimezie Metu
https://cdn.nba.com/headshots/nba/latest/260x190/203114.png,https://cdn.nba.com/logos/nba/1610612749/primary/L/logo.svg,Milwaukee Bucks,Khris Middleton
https://cdn.nba.com/headshots/nba/latest/260x190/201988.png,https://cdn.nba.com/logos/nba/1610612751/primary/L/logo.svg,Brooklyn Nets,Patty Mills
https://cdn.nba.com/headshots/nba/latest/260x190/200794.png,https://cdn.nba.com/logos/nba/1610612751/primary/L/logo.svg,Brooklyn Nets,Paul Millsap
https://cdn.nba.com/headshots/nba/latest/260x190/1629003.png,https://cdn.nba.com/logos/nba/1610612755/primary/L/logo.svg,Philadelphia 76ers,Shake Milton
https://cdn.nba.com/headshots/nba/latest/260x190/1630558.png,https://cdn.nba.com/logos/nba/1610612758/primary/L/logo.svg,Sacramento Kings,Davion Mitchell
https://cdn.nba.com/headshots/nba/latest/260x190/1628378.png,https://cdn.nba.com/logos/nba/1610612762/primary/L/logo.svg,Utah Jazz,Donovan Mitchell
https://cdn.nba.com/headshots/nba/latest/260x190/1630596.png,https://cdn.nba.com/logos/nba/1610612739/primary/L/logo.svg,Cleveland Cavaliers,Evan Mobley
https://cdn.nba.com/headshots/nba/latest/260x190/1628370.png,https://cdn.nba.com/logos/nba/1610612747/primary/L/logo.svg,Los Angeles Lakers,Malik Monk
https://cdn.nba.com/headshots/nba/latest/260x190/1630541.png,https://cdn.nba.com/logos/nba/1610612744/primary/L/logo.svg,Golden State Warriors,Moses Moody
https://cdn.nba.com/headshots/nba/latest/260x190/202734.png,https://cdn.nba.com/logos/nba/1610612753/primary/L/logo.svg,Orlando Magic,E'Twaun Moore
https://cdn.nba.com/headshots/nba/latest/260x190/1629630.png,https://cdn.nba.com/logos/nba/1610612763/primary/L/logo.svg,Memphis Grizzlies,Ja Morant
https://cdn.nba.com/headshots/nba/latest/260x190/202693.png,https://cdn.nba.com/logos/nba/1610612748/primary/L/logo.svg,Miami Heat,Markieff Morris
https://cdn.nba.com/headshots/nba/latest/260x190/1628420.png,https://cdn.nba.com/logos/nba/1610612743/primary/L/logo.svg,Denver Nuggets,Monte Morris
https://cdn.nba.com/headshots/nba/latest/260x190/202694.png,https://cdn.nba.com/logos/nba/1610612746/primary/L/logo.svg,LA Clippers,Marcus Morris
https://cdn.nba.com/headshots/nba/latest/260x190/1628539.png,https://cdn.nba.com/logos/nba/1610612753/primary/L/logo.svg,Orlando Magic,Mychal Mulder
https://cdn.nba.com/headshots/nba/latest/260x190/1630530.png,https://cdn.nba.com/logos/nba/1610612740/primary/L/logo.svg,New Orleans Pelicans,Trey Murphy
https://cdn.nba.com/headshots/nba/latest/260x190/1627749.png,https://cdn.nba.com/logos/nba/1610612759/primary/L/logo.svg,San Antonio Spurs,Dejounte Murray
https://cdn.nba.com/headshots/nba/latest/260x190/1627750.png,https://cdn.nba.com/logos/nba/1610612743/primary/L/logo.svg,Denver Nuggets,Jamal Murray
https://cdn.nba.com/headshots/nba/latest/260x190/203488.png,https://cdn.nba.com/logos/nba/1610612760/primary/L/logo.svg,Oklahoma City Thunder,Mike Muscala
https://cdn.nba.com/headshots/nba/latest/260x190/1629004.png,https://cdn.nba.com/logos/nba/1610612761/primary/L/logo.svg,Toronto Raptors,Svi Mykhailiuk
https://cdn.nba.com/headshots/nba/latest/260x190/1627846.png,https://cdn.nba.com/logos/nba/1610612756/primary/L/logo.svg,Phoenix Suns,Abdel Nader
https://cdn.nba.com/headshots/nba/latest/260x190/1626204.png,https://cdn.nba.com/logos/nba/1610612757/primary/L/logo.svg,Portland Trail Blazers,Larry Nance
https://cdn.nba.com/headshots/nba/latest/260x190/1630612.png,https://cdn.nba.com/logos/nba/1610612739/primary/L/logo.svg,Cleveland Cavaliers,RJ Nembhard
https://cdn.nba.com/headshots/nba/latest/260x190/1630174.png,https://cdn.nba.com/logos/nba/1610612738/primary/L/logo.svg,Boston Celtics,Aaron Nesmith
https://cdn.nba.com/headshots/nba/latest/260x190/203526.png,https://cdn.nba.com/logos/nba/1610612764/primary/L/logo.svg,Washington Wizards,Raul Neto
https://cdn.nba.com/headshots/nba/latest/260x190/1627777.png,https://cdn.nba.com/logos/nba/1610612755/primary/L/logo.svg,Philadelphia 76ers,Georges Niang
https://cdn.nba.com/headshots/nba/latest/260x190/1630227.png,https://cdn.nba.com/logos/nba/1610612745/primary/L/logo.svg,Houston Rockets,Daishen Nix
https://cdn.nba.com/headshots/nba/latest/260x190/1630192.png,https://cdn.nba.com/logos/nba/1610612743/primary/L/logo.svg,Denver Nuggets,Zeke Nnaji
https://cdn.nba.com/headshots/nba/latest/260x190/203457.png,https://cdn.nba.com/logos/nba/1610612752/primary/L/logo.svg,New York Knicks,Nerlens Noel
https://cdn.nba.com/headshots/nba/latest/260x190/1629669.png,https://cdn.nba.com/logos/nba/1610612750/primary/L/logo.svg,Minnesota Timberwolves,Jaylen Nowell
https://cdn.nba.com/headshots/nba/latest/260x190/1628373.png,https://cdn.nba.com/logos/nba/1610612742/primary/L/logo.svg,Dallas Mavericks,Frank Ntilikina
https://cdn.nba.com/headshots/nba/latest/260x190/1629134.png,https://cdn.nba.com/logos/nba/1610612747/primary/L/logo.svg,Los Angeles Lakers,Kendrick Nunn
https://cdn.nba.com/headshots/nba/latest/260x190/203994.png,https://cdn.nba.com/logos/nba/1610612757/primary/L/logo.svg,Portland Trail Blazers,Jusuf Nurkic
https://cdn.nba.com/headshots/nba/latest/260x190/1628021.png,https://cdn.nba.com/logos/nba/1610612745/primary/L/logo.svg,Houston Rockets,David Nwaba
https://cdn.nba.com/headshots/nba/latest/260x190/1629670.png,https://cdn.nba.com/logos/nba/1610612749/primary/L/logo.svg,Milwaukee Bucks,Jordan Nwora
https://cdn.nba.com/headshots/nba/latest/260x190/1626220.png,https://cdn.nba.com/logos/nba/1610612762/primary/L/logo.svg,Utah Jazz,Royce O'Neale
https://cdn.nba.com/headshots/nba/latest/260x190/1628400.png,https://cdn.nba.com/logos/nba/1610612749/primary/L/logo.svg,Milwaukee Bucks,Semi Ojeleye
https://cdn.nba.com/headshots/nba/latest/260x190/1629643.png,https://cdn.nba.com/logos/nba/1610612753/primary/L/logo.svg,Orlando Magic,Chuma Okeke
https://cdn.nba.com/headshots/nba/latest/260x190/1629006.png,https://cdn.nba.com/logos/nba/1610612750/primary/L/logo.svg,Minnesota Timberwolves,Josh Okogie
https://cdn.nba.com/headshots/nba/latest/260x190/1630168.png,https://cdn.nba.com/logos/nba/1610612737/primary/L/logo.svg,Atlanta Hawks,Onyeka Okongwu
https://cdn.nba.com/headshots/nba/latest/260x190/1630171.png,https://cdn.nba.com/logos/nba/1610612739/primary/L/logo.svg,Cleveland Cavaliers,Isaac Okoro
https://cdn.nba.com/headshots/nba/latest/260x190/1629644.png,https://cdn.nba.com/logos/nba/1610612748/primary/L/logo.svg,Miami Heat,KZ Okpala
https://cdn.nba.com/headshots/nba/latest/260x190/203506.png,https://cdn.nba.com/logos/nba/1610612748/primary/L/logo.svg,Miami Heat,Victor Oladipo
https://cdn.nba.com/headshots/nba/latest/260x190/203482.png,https://cdn.nba.com/logos/nba/1610612765/primary/L/logo.svg,Detroit Pistons,Kelly Olynyk
https://cdn.nba.com/headshots/nba/latest/260x190/1630647.png,https://cdn.nba.com/logos/nba/1610612742/primary/L/logo.svg,Dallas Mavericks,Eugene Omoruyi
https://cdn.nba.com/headshots/nba/latest/260x190/1629671.png,https://cdn.nba.com/logos/nba/1610612762/primary/L/logo.svg,Utah Jazz,Miye Oni
https://cdn.nba.com/headshots/nba/latest/260x190/1626224.png,https://cdn.nba.com/logos/nba/1610612739/primary/L/logo.svg,Cleveland Cavaliers,Cedi Osman
https://cdn.nba.com/headshots/nba/latest/260x190/1626162.png,https://cdn.nba.com/logos/nba/1610612766/primary/L/logo.svg,Charlotte Hornets,Kelly Oubre
https://cdn.nba.com/headshots/nba/latest/260x190/1630698.png,https://cdn.nba.com/logos/nba/1610612739/primary/L/logo.svg,Cleveland Cavaliers,Kevin Pangos
https://cdn.nba.com/headshots/nba/latest/260x190/203953.png,https://cdn.nba.com/logos/nba/1610612738/primary/L/logo.svg,Boston Celtics,Jabari Parker
https://cdn.nba.com/headshots/nba/latest/260x190/1629672.png,https://cdn.nba.com/logos/nba/1610612762/primary/L/logo.svg,Utah Jazz,Eric Paschall
https://cdn.nba.com/headshots/nba/latest/260x190/101108.png,https://cdn.nba.com/logos/nba/1610612756/primary/L/logo.svg,Phoenix Suns,Chris Paul
https://cdn.nba.com/headshots/nba/latest/260x190/1626166.png,https://cdn.nba.com/logos/nba/1610612756/primary/L/logo.svg,Phoenix Suns,Cameron Payne
https://cdn.nba.com/headshots/nba/latest/260x190/203901.png,https://cdn.nba.com/logos/nba/1610612756/primary/L/logo.svg,Phoenix Suns,Elfrid Payton
https://cdn.nba.com/headshots/nba/latest/260x190/1627780.png,https://cdn.nba.com/logos/nba/1610612744/primary/L/logo.svg,Golden State Warriors,Gary Payton
https://cdn.nba.com/headshots/nba/latest/260x190/1630691.png,https://cdn.nba.com/logos/nba/1610612765/primary/L/logo.svg,Detroit Pistons,Jamorko Pickett
https://cdn.nba.com/headshots/nba/latest/260x190/203486.png,https://cdn.nba.com/logos/nba/1610612766/primary/L/logo.svg,Charlotte Hornets,Mason Plumlee
https://cdn.nba.com/headshots/nba/latest/260x190/1627751.png,https://cdn.nba.com/logos/nba/1610612759/primary/L/logo.svg,San Antonio Spurs,Jakob Poeltl
https://cdn.nba.com/headshots/nba/latest/260x190/1630197.png,https://cdn.nba.com/logos/nba/1610612760/primary/L/logo.svg,Oklahoma City Thunder,Aleksej Pokusevski
https://cdn.nba.com/headshots/nba/latest/260x190/1630582.png,https://cdn.nba.com/logos/nba/1610612763/primary/L/logo.svg,Memphis Grizzlies,Yves Pons
https://cdn.nba.com/headshots/nba/latest/260x190/1629673.png,https://cdn.nba.com/logos/nba/1610612744/primary/L/logo.svg,Golden State Warriors,Jordan Poole
https://cdn.nba.com/headshots/nba/latest/260x190/1629645.png,https://cdn.nba.com/logos/nba/1610612745/primary/L/logo.svg,Houston Rockets,Kevin Porter
https://cdn.nba.com/headshots/nba/latest/260x190/1629008.png,https://cdn.nba.com/logos/nba/1610612743/primary/L/logo.svg,Denver Nuggets,Michael Porter
https://cdn.nba.com/headshots/nba/latest/260x190/203490.png,https://cdn.nba.com/logos/nba/1610612744/primary/L/logo.svg,Golden State Warriors,Otto Porter
https://cdn.nba.com/headshots/nba/latest/260x190/1626171.png,https://cdn.nba.com/logos/nba/1610612749/primary/L/logo.svg,Milwaukee Bucks,Bobby Portis
https://cdn.nba.com/headshots/nba/latest/260x190/204001.png,https://cdn.nba.com/logos/nba/1610612742/primary/L/logo.svg,Dallas Mavericks,Kristaps Porzingis
https://cdn.nba.com/headshots/nba/latest/260x190/203939.png,https://cdn.nba.com/logos/nba/1610612742/primary/L/logo.svg,Dallas Mavericks,Dwight Powell
https://cdn.nba.com/headshots/nba/latest/260x190/1626181.png,https://cdn.nba.com/logos/nba/1610612757/primary/L/logo.svg,Portland Trail Blazers,Norman Powell
https://cdn.nba.com/headshots/nba/latest/260x190/1630554.png,https://cdn.nba.com/logos/nba/1610612746/primary/L/logo.svg,LA Clippers,Jason Preston
https://cdn.nba.com/headshots/nba/latest/260x190/1630563.png,https://cdn.nba.com/logos/nba/1610612759/primary/L/logo.svg,San Antonio Spurs,Joshua Primo
https://cdn.nba.com/headshots/nba/latest/260x190/1627752.png,https://cdn.nba.com/logos/nba/1610612750/primary/L/logo.svg,Minnesota Timberwolves,Taurean Prince
https://cdn.nba.com/headshots/nba/latest/260x190/1630202.png,https://cdn.nba.com/logos/nba/1610612738/primary/L/logo.svg,Boston Celtics,Payton Pritchard
https://cdn.nba.com/headshots/nba/latest/260x190/1629674.png,https://cdn.nba.com/logos/nba/1610612758/primary/L/logo.svg,Sacramento Kings,Neemias Queta
https://cdn.nba.com/headshots/nba/latest/260x190/1630193.png,https://cdn.nba.com/logos/nba/1610612752/primary/L/logo.svg,New York Knicks,Immanuel Quickley
https://cdn.nba.com/headshots/nba/latest/260x190/1630186.png,https://cdn.nba.com/logos/nba/1610612758/primary/L/logo.svg,Sacramento Kings,Jahmi'us Ramsey
https://cdn.nba.com/headshots/nba/latest/260x190/203944.png,https://cdn.nba.com/logos/nba/1610612752/primary/L/logo.svg,New York Knicks,Julius Randle
https://cdn.nba.com/headshots/nba/latest/260x190/1630559.png,https://cdn.nba.com/logos/nba/1610612747/primary/L/logo.svg,Los Angeles Lakers,Austin Reaves
https://cdn.nba.com/headshots/nba/latest/260x190/1629629.png,https://cdn.nba.com/logos/nba/1610612737/primary/L/logo.svg,Atlanta Hawks,Cam Reddish
https://cdn.nba.com/headshots/nba/latest/260x190/1630194.png,https://cdn.nba.com/logos/nba/1610612755/primary/L/logo.svg,Philadelphia 76ers,Paul Reed
https://cdn.nba.com/headshots/nba/latest/260x190/1629675.png,https://cdn.nba.com/logos/nba/1610612750/primary/L/logo.svg,Minnesota Timberwolves,Naz Reid
https://cdn.nba.com/headshots/nba/latest/260x190/1630208.png,https://cdn.nba.com/logos/nba/1610612766/primary/L/logo.svg,Charlotte Hornets,Nick Richards
https://cdn.nba.com/headshots/nba/latest/260x190/1626196.png,https://cdn.nba.com/logos/nba/1610612738/primary/L/logo.svg,Boston Celtics,Josh Richardson
https://cdn.nba.com/headshots/nba/latest/260x190/1630203.png,https://cdn.nba.com/logos/nba/1610612755/primary/L/logo.svg,Philadelphia 76ers,Grant Riller
https://cdn.nba.com/headshots/nba/latest/260x190/203085.png,https://cdn.nba.com/logos/nba/1610612743/primary/L/logo.svg,Denver Nuggets,Austin Rivers
https://cdn.nba.com/headshots/nba/latest/260x190/1629130.png,https://cdn.nba.com/logos/nba/1610612748/primary/L/logo.svg,Miami Heat,Duncan Robinson
https://cdn.nba.com/headshots/nba/latest/260x190/1629620.png,https://cdn.nba.com/logos/nba/1610612749/primary/L/logo.svg,Milwaukee Bucks,Justin Robinson
https://cdn.nba.com/headshots/nba/latest/260x190/1629011.png,https://cdn.nba.com/logos/nba/1610612752/primary/L/logo.svg,New York Knicks,Mitchell Robinson
https://cdn.nba.com/headshots/nba/latest/260x190/1630526.png,https://cdn.nba.com/logos/nba/1610612760/primary/L/logo.svg,Oklahoma City Thunder,Jeremiah Robinson-Earl
https://cdn.nba.com/headshots/nba/latest/260x190/1629676.png,https://cdn.nba.com/logos/nba/1610612760/primary/L/logo.svg,Oklahoma City Thunder,Isaiah Roby
https://cdn.nba.com/headshots/nba/latest/260x190/200765.png,https://cdn.nba.com/logos/nba/1610612747/primary/L/logo.svg,Los Angeles Lakers,Rajon Rondo
https://cdn.nba.com/headshots/nba/latest/260x190/201565.png,https://cdn.nba.com/logos/nba/1610612752/primary/L/logo.svg,New York Knicks,Derrick Rose
https://cdn.nba.com/headshots/nba/latest/260x190/203082.png,https://cdn.nba.com/logos/nba/1610612753/primary/L/logo.svg,Orlando Magic,Terrence Ross
https://cdn.nba.com/headshots/nba/latest/260x190/1626179.png,https://cdn.nba.com/logos/nba/1610612766/primary/L/logo.svg,Charlotte Hornets,Terry Rozier
https://cdn.nba.com/headshots/nba/latest/260x190/201937.png,https://cdn.nba.com/logos/nba/1610612739/primary/L/logo.svg,Cleveland Cavaliers,Ricky Rubio
https://cdn.nba.com/headshots/nba/latest/260x190/1626156.png,https://cdn.nba.com/logos/nba/1610612750/primary/L/logo.svg,Minnesota Timberwolves,D'Angelo Russell
https://cdn.nba.com/headshots/nba/latest/260x190/1627734.png,https://cdn.nba.com/logos/nba/1610612754/primary/L/logo.svg,Indiana Pacers,Domantas Sabonis
https://cdn.nba.com/headshots/nba/latest/260x190/1629677.png,https://cdn.nba.com/logos/nba/1610612752/primary/L/logo.svg,New York Knicks,Luka Samanic
https://cdn.nba.com/headshots/nba/latest/260x190/203967.png,https://cdn.nba.com/logos/nba/1610612756/primary/L/logo.svg,Phoenix Suns,Dario Saric
https://cdn.nba.com/headshots/nba/latest/260x190/203107.png,https://cdn.nba.com/logos/nba/1610612740/primary/L/logo.svg,New Orleans Pelicans,Tomas Satoransky
https://cdn.nba.com/headshots/nba/latest/260x190/203471.png,https://cdn.nba.com/logos/nba/1610612738/primary/L/logo.svg,Boston Celtics,Dennis Schroder
https://cdn.nba.com/headshots/nba/latest/260x190/1630206.png,https://cdn.nba.com/logos/nba/1610612746/primary/L/logo.svg,LA Clippers,Jay Scrubb
https://cdn.nba.com/headshots/nba/latest/260x190/1627782.png,https://cdn.nba.com/logos/nba/1610612752/primary/L/logo.svg,New York Knicks,Wayne Selden
https://cdn.nba.com/headshots/nba/latest/260x190/1630578.png,https://cdn.nba.com/logos/nba/1610612745/primary/L/logo.svg,Houston Rockets,Alperen Sengun
https://cdn.nba.com/headshots/nba/latest/260x190/1629012.png,https://cdn.nba.com/logos/nba/1610612739/primary/L/logo.svg,Cleveland Cavaliers,Collin Sexton
https://cdn.nba.com/headshots/nba/latest/260x190/1629013.png,https://cdn.nba.com/logos/nba/1610612756/primary/L/logo.svg,Phoenix Suns,Landry Shamet
https://cdn.nba.com/headshots/nba/latest/260x190/1630549.png,https://cdn.nba.com/logos/nba/1610612751/primary/L/logo.svg,Brooklyn Nets,Day'Ron Sharpe
https://cdn.nba.com/headshots/nba/latest/260x190/1627783.png,https://cdn.nba.com/logos/nba/1610612761/primary/L/logo.svg,Toronto Raptors,Pascal Siakam
https://cdn.nba.com/headshots/nba/latest/260x190/1627732.png,https://cdn.nba.com/logos/nba/1610612755/primary/L/logo.svg,Philadelphia 76ers,Ben Simmons
https://cdn.nba.com/headshots/nba/latest/260x190/1630250.png,https://cdn.nba.com/logos/nba/1610612741/primary/L/logo.svg,Chicago Bulls,Marko Simonovic
https://cdn.nba.com/headshots/nba/latest/260x190/1629014.png,https://cdn.nba.com/logos/nba/1610612757/primary/L/logo.svg,Portland Trail Blazers,Anfernee Simons
https://cdn.nba.com/headshots/nba/latest/260x190/1630579.png,https://cdn.nba.com/logos/nba/1610612752/primary/L/logo.svg,New York Knicks,Jericho Sims
https://cdn.nba.com/headshots/nba/latest/260x190/203935.png,https://cdn.nba.com/logos/nba/1610612738/primary/L/logo.svg,Boston Celtics,Marcus Smart
https://cdn.nba.com/headshots/nba/latest/260x190/1630607.png,https://cdn.nba.com/logos/nba/1610612765/primary/L/logo.svg,Detroit Pistons,Chris Smith
https://cdn.nba.com/headshots/nba/latest/260x190/202397.png,https://cdn.nba.com/logos/nba/1610612766/primary/L/logo.svg,Charlotte Hornets,Ish Smith
https://cdn.nba.com/headshots/nba/latest/260x190/1630188.png,https://cdn.nba.com/logos/nba/1610612756/primary/L/logo.svg,Phoenix Suns,Jalen Smith
https://cdn.nba.com/headshots/nba/latest/260x190/1628372.png,https://cdn.nba.com/logos/nba/1610612757/primary/L/logo.svg,Portland Trail Blazers,Dennis Smith
https://cdn.nba.com/headshots/nba/latest/260x190/203503.png,https://cdn.nba.com/logos/nba/1610612757/primary/L/logo.svg,Portland Trail Blazers,Tony Snell
https://cdn.nba.com/headshots/nba/latest/260x190/1630531.png,https://cdn.nba.com/logos/nba/1610612755/primary/L/logo.svg,Philadelphia 76ers,Jaden Springer
https://cdn.nba.com/headshots/nba/latest/260x190/1630205.png,https://cdn.nba.com/logos/nba/1610612739/primary/L/logo.svg,Cleveland Cavaliers,Lamar Stevens
https://cdn.nba.com/headshots/nba/latest/260x190/1630191.png,https://cdn.nba.com/logos/nba/1610612765/primary/L/logo.svg,Detroit Pistons,Isaiah Stewart
https://cdn.nba.com/headshots/nba/latest/260x190/1629622.png,https://cdn.nba.com/logos/nba/1610612748/primary/L/logo.svg,Miami Heat,Max Strus
https://cdn.nba.com/headshots/nba/latest/260x190/1630591.png,https://cdn.nba.com/logos/nba/1610612753/primary/L/logo.svg,Orlando Magic,Jalen Suggs
https://cdn.nba.com/headshots/nba/latest/260x190/1630256.png,https://cdn.nba.com/logos/nba/1610612745/primary/L/logo.svg,Houston Rockets,Jae'Sean Tate
https://cdn.nba.com/headshots/nba/latest/260x190/1628369.png,https://cdn.nba.com/logos/nba/1610612738/primary/L/logo.svg,Boston Celtics,Jayson Tatum
https://cdn.nba.com/headshots/nba/latest/260x190/202066.png,https://cdn.nba.com/logos/nba/1610612740/primary/L/logo.svg,New Orleans Pelicans,Garrett Temple
https://cdn.nba.com/headshots/nba/latest/260x190/1628464.png,https://cdn.nba.com/logos/nba/1610612745/primary/L/logo.svg,Houston Rockets,Daniel Theis
https://cdn.nba.com/headshots/nba/latest/260x190/1630271.png,https://cdn.nba.com/logos/nba/1610612738/primary/L/logo.svg,Boston Celtics,Brodric Thomas
https://cdn.nba.com/headshots/nba/latest/260x190/1630560.png,https://cdn.nba.com/logos/nba/1610612751/primary/L/logo.svg,Brooklyn Nets,Cam Thomas
https://cdn.nba.com/headshots/nba/latest/260x190/1629744.png,https://cdn.nba.com/logos/nba/1610612741/primary/L/logo.svg,Chicago Bulls,Matt Thomas
https://cdn.nba.com/headshots/nba/latest/260x190/202691.png,https://cdn.nba.com/logos/nba/1610612744/primary/L/logo.svg,Golden State Warriors,Klay Thompson
https://cdn.nba.com/headshots/nba/latest/260x190/202684.png,https://cdn.nba.com/logos/nba/1610612758/primary/L/logo.svg,Sacramento Kings,Tristan Thompson
https://cdn.nba.com/headshots/nba/latest/260x190/1630550.png,https://cdn.nba.com/logos/nba/1610612766/primary/L/logo.svg,Charlotte Hornets,JT Thor
https://cdn.nba.com/headshots/nba/latest/260x190/1629680.png,https://cdn.nba.com/logos/nba/1610612755/primary/L/logo.svg,Philadelphia 76ers,Matisse Thybulle
https://cdn.nba.com/headshots/nba/latest/260x190/1629681.png,https://cdn.nba.com/logos/nba/1610612763/primary/L/logo.svg,Memphis Grizzlies,Killian Tillie
https://cdn.nba.com/headshots/nba/latest/260x190/1630214.png,https://cdn.nba.com/logos/nba/1610612763/primary/L/logo.svg,Memphis Grizzlies,Xavier Tillman
https://cdn.nba.com/headshots/nba/latest/260x190/1630225.png,https://cdn.nba.com/logos/nba/1610612764/primary/L/logo.svg,Washington Wizards,Isaiah Todd
https://cdn.nba.com/headshots/nba/latest/260x190/1630167.png,https://cdn.nba.com/logos/nba/1610612752/primary/L/logo.svg,New York Knicks,Obi Toppin
https://cdn.nba.com/headshots/nba/latest/260x190/1629308.png,https://cdn.nba.com/logos/nba/1610612744/primary/L/logo.svg,Golden State Warriors,Juan Toscano-Anderson
https://cdn.nba.com/headshots/nba/latest/260x190/1626157.png,https://cdn.nba.com/logos/nba/1610612750/primary/L/logo.svg,Minnesota Timberwolves,Karl-Anthony Towns
https://cdn.nba.com/headshots/nba/latest/260x190/1629018.png,https://cdn.nba.com/logos/nba/1610612761/primary/L/logo.svg,Toronto Raptors,Gary Trent
https://cdn.nba.com/headshots/nba/latest/260x190/200782.png,https://cdn.nba.com/logos/nba/1610612748/primary/L/logo.svg,Miami Heat,P.J. Tucker
https://cdn.nba.com/headshots/nba/latest/260x190/1626167.png,https://cdn.nba.com/logos/nba/1610612754/primary/L/logo.svg,Indiana Pacers,Myles Turner
https://cdn.nba.com/headshots/nba/latest/260x190/202685.png,https://cdn.nba.com/logos/nba/1610612740/primary/L/logo.svg,New Orleans Pelicans,Jonas Valanciunas
https://cdn.nba.com/headshots/nba/latest/260x190/1627756.png,https://cdn.nba.com/logos/nba/1610612739/primary/L/logo.svg,Cleveland Cavaliers,Denzel Valentine
https://cdn.nba.com/headshots/nba/latest/260x190/1627832.png,https://cdn.nba.com/logos/nba/1610612761/primary/L/logo.svg,Toronto Raptors,Fred VanVleet
https://cdn.nba.com/headshots/nba/latest/260x190/1629020.png,https://cdn.nba.com/logos/nba/1610612750/primary/L/logo.svg,Minnesota Timberwolves,Jarred Vanderbilt
https://cdn.nba.com/headshots/nba/latest/260x190/1630170.png,https://cdn.nba.com/logos/nba/1610612759/primary/L/logo.svg,San Antonio Spurs,Devin Vassell
https://cdn.nba.com/headshots/nba/latest/260x190/1629216.png,https://cdn.nba.com/logos/nba/1610612748/primary/L/logo.svg,Miami Heat,Gabe Vincent
https://cdn.nba.com/headshots/nba/latest/260x190/202696.png,https://cdn.nba.com/logos/nba/1610612741/primary/L/logo.svg,Chicago Bulls,Nikola Vucevic
https://cdn.nba.com/headshots/nba/latest/260x190/1629731.png,https://cdn.nba.com/logos/nba/1610612739/primary/L/logo.svg,Cleveland Cavaliers,Dean Wade
https://cdn.nba.com/headshots/nba/latest/260x190/1630532.png,https://cdn.nba.com/logos/nba/1610612753/primary/L/logo.svg,Orlando Magic,Franz Wagner
https://cdn.nba.com/headshots/nba/latest/260x190/1629021.png,https://cdn.nba.com/logos/nba/1610612753/primary/L/logo.svg,Orlando Magic,Moritz Wagner
https://cdn.nba.com/headshots/nba/latest/260x190/1630688.png,https://cdn.nba.com/logos/nba/1610612756/primary/L/logo.svg,Phoenix Suns,Ish Wainright
https://cdn.nba.com/headshots/nba/latest/260x190/202689.png,https://cdn.nba.com/logos/nba/1610612752/primary/L/logo.svg,New York Knicks,Kemba Walker
https://cdn.nba.com/headshots/nba/latest/260x190/1629022.png,https://cdn.nba.com/logos/nba/1610612759/primary/L/logo.svg,San Antonio Spurs,Lonnie Walker
https://cdn.nba.com/headshots/nba/latest/260x190/202322.png,https://cdn.nba.com/logos/nba/1610612745/primary/L/logo.svg,Houston Rockets,John Wall
https://cdn.nba.com/headshots/nba/latest/260x190/202954.png,https://cdn.nba.com/logos/nba/1610612754/primary/L/logo.svg,Indiana Pacers,Brad Wanamaker
https://cdn.nba.com/headshots/nba/latest/260x190/203933.png,https://cdn.nba.com/logos/nba/1610612754/primary/L/logo.svg,Indiana Pacers,T.J. Warren
https://cdn.nba.com/headshots/nba/latest/260x190/1629023.png,https://cdn.nba.com/logos/nba/1610612766/primary/L/logo.svg,Charlotte Hornets,P.J. Washington
https://cdn.nba.com/headshots/nba/latest/260x190/1630613.png,https://cdn.nba.com/logos/nba/1610612754/primary/L/logo.svg,Indiana Pacers,Duane Washington
https://cdn.nba.com/headshots/nba/latest/260x190/1629139.png,https://cdn.nba.com/logos/nba/1610612761/primary/L/logo.svg,Toronto Raptors,Yuta Watanabe
https://cdn.nba.com/headshots/nba/latest/260x190/1630570.png,https://cdn.nba.com/logos/nba/1610612757/primary/L/logo.svg,Portland Trail Blazers,Trendon Watford
https://cdn.nba.com/headshots/nba/latest/260x190/1628778.png,https://cdn.nba.com/logos/nba/1610612760/primary/L/logo.svg,Oklahoma City Thunder,Paul Watson
https://cdn.nba.com/headshots/nba/latest/260x190/201566.png,https://cdn.nba.com/logos/nba/1610612747/primary/L/logo.svg,Los Angeles Lakers,Russell Westbrook
https://cdn.nba.com/headshots/nba/latest/260x190/1629632.png,https://cdn.nba.com/logos/nba/1610612741/primary/L/logo.svg,Chicago Bulls,Coby White
https://cdn.nba.com/headshots/nba/latest/260x190/1628401.png,https://cdn.nba.com/logos/nba/1610612759/primary/L/logo.svg,San Antonio Spurs,Derrick White
https://cdn.nba.com/headshots/nba/latest/260x190/202355.png,https://cdn.nba.com/logos/nba/1610612762/primary/L/logo.svg,Utah Jazz,Hassan Whiteside
https://cdn.nba.com/headshots/nba/latest/260x190/1630580.png,https://cdn.nba.com/logos/nba/1610612759/primary/L/logo.svg,San Antonio Spurs,Joe Wieskamp
https://cdn.nba.com/headshots/nba/latest/260x190/1630598.png,https://cdn.nba.com/logos/nba/1610612760/primary/L/logo.svg,Oklahoma City Thunder,Aaron Wiggins
https://cdn.nba.com/headshots/nba/latest/260x190/203952.png,https://cdn.nba.com/logos/nba/1610612744/primary/L/logo.svg,Golden State Warriors,Andrew Wiggins
https://cdn.nba.com/headshots/nba/latest/260x190/1629684.png,https://cdn.nba.com/logos/nba/1610612738/primary/L/logo.svg,Boston Celtics,Grant Williams
https://cdn.nba.com/headshots/nba/latest/260x190/1629026.png,https://cdn.nba.com/logos/nba/1610612760/primary/L/logo.svg,Oklahoma City Thunder,Kenrich Williams
https://cdn.nba.com/headshots/nba/latest/260x190/101150.png,https://cdn.nba.com/logos/nba/1610612737/primary/L/logo.svg,Atlanta Hawks,Lou Williams
https://cdn.nba.com/headshots/nba/latest/260x190/1630172.png,https://cdn.nba.com/logos/nba/1610612741/primary/L/logo.svg,Chicago Bulls,Patrick Williams
https://cdn.nba.com/headshots/nba/latest/260x190/1630533.png,https://cdn.nba.com/logos/nba/1610612763/primary/L/logo.svg,Memphis Grizzlies,Ziaire Williams
https://cdn.nba.com/headshots/nba/latest/260x190/1629057.png,https://cdn.nba.com/logos/nba/1610612738/primary/L/logo.svg,Boston Celtics,Robert Williams
https://cdn.nba.com/headshots/nba/latest/260x190/1629627.png,https://cdn.nba.com/logos/nba/1610612740/primary/L/logo.svg,New Orleans Pelicans,Zion Williamson
https://cdn.nba.com/headshots/nba/latest/260x190/1629685.png,https://cdn.nba.com/logos/nba/1610612739/primary/L/logo.svg,Cleveland Cavaliers,Dylan Windler
https://cdn.nba.com/headshots/nba/latest/260x190/1626159.png,https://cdn.nba.com/logos/nba/1610612746/primary/L/logo.svg,LA Clippers,Justise Winslow
https://cdn.nba.com/headshots/nba/latest/260x190/1630216.png,https://cdn.nba.com/logos/nba/1610612764/primary/L/logo.svg,Washington Wizards,Cassius Winston
https://cdn.nba.com/headshots/nba/latest/260x190/1630164.png,https://cdn.nba.com/logos/nba/1610612744/primary/L/logo.svg,Golden State Warriors,James Wiseman
https://cdn.nba.com/headshots/nba/latest/260x190/1626174.png,https://cdn.nba.com/logos/nba/1610612745/primary/L/logo.svg,Houston Rockets,Christian Wood
https://cdn.nba.com/headshots/nba/latest/260x190/1630218.png,https://cdn.nba.com/logos/nba/1610612758/primary/L/logo.svg,Sacramento Kings,Robert Woodard
https://cdn.nba.com/headshots/nba/latest/260x190/1626153.png,https://cdn.nba.com/logos/nba/1610612737/primary/L/logo.svg,Atlanta Hawks,Delon Wright
https://cdn.nba.com/headshots/nba/latest/260x190/1630593.png,https://cdn.nba.com/logos/nba/1610612750/primary/L/logo.svg,Minnesota Timberwolves,McKinley Wright
https://cdn.nba.com/headshots/nba/latest/260x190/201152.png,https://cdn.nba.com/logos/nba/1610612759/primary/L/logo.svg,San Antonio Spurs,Thaddeus Young
https://cdn.nba.com/headshots/nba/latest/260x190/1629027.png,https://cdn.nba.com/logos/nba/1610612737/primary/L/logo.svg,Atlanta Hawks,Trae Young
https://cdn.nba.com/headshots/nba/latest/260x190/1630209.png,https://cdn.nba.com/logos/nba/1610612748/primary/L/logo.svg,Miami Heat,Omer Yurtseven
https://cdn.nba.com/headshots/nba/latest/260x190/203469.png,https://cdn.nba.com/logos/nba/1610612757/primary/L/logo.svg,Portland Trail Blazers,Cody Zeller
https://cdn.nba.com/headshots/nba/latest/260x190/1627826.png,https://cdn.nba.com/logos/nba/1610612746/primary/L/logo.svg,LA Clippers,Ivica Zubac
